1791123084248	soak	114	21	44516	12	20	38400	12	21	40200	50	25
1791123094309	soak	114	21	45296	13	20	38532	13	21	41376	50	25
1791123104371	soak	114	21	45408	13	20	38552	13	21	41984	50	25
1791123114435	soak	114	21	45468	13	20	38556	13	21	42088	50	25
1791123124506	soak	114	21	45520	13	20	38556	13	21	42152	50	25
1791123134568	soak	114	21	45548	13	20	38556	13	21	42180	50	25
1791123144627	soak	114	21	46500	13	20	38556	13	21	42864	10	25
1791123154688	soak	114	21	46948	13	20	38556	13	21	42924	10	25
1791123164757	soak	114	21	46980	13	20	38560	13	21	42988	10	25
1791123174821	soak	114	21	47060	13	20	38560	13	21	43016	10	25
1791123184884	soak	114	21	47084	13	20	38560	13	21	43048	10	25
1791123194946	soak	114	21	47104	13	20	38564	13	21	43048	10	25
1791123205007	soak	114	21	48228	13	20	38568	13	21	43052	20	25
1791123215072	soak	114	21	48312	13	20	38576	13	21	43132	20	25
1791123225171	soak	114	21	48340	13	20	38576	13	21	43144	20	25
1791123235234	soak	114	21	48372	13	20	38580	13	21	43152	20	25
1791123245296	soak	114	21	48372	13	20	38580	13	21	43156	20	25
1791123255357	soak	114	21	48376	13	20	38580	13	21	43168	20	25
1791123265418	soak	114	21	48456	13	20	38584	13	21	43172	30	25
1791123275479	soak	114	21	48484	13	20	38588	13	21	43180	30	25
1791123285538	soak	114	21	48488	13	20	38588	13	21	43184	30	25
1791123295601	soak	114	21	48492	13	20	38588	13	21	43200	30	25
1791123305663	soak	114	21	48492	13	20	38596	13	21	43200	30	25
1791123315724	soak	114	21	48492	13	20	38596	13	21	43200	30	25
1791123325786	soak	114	21	48560	13	20	38596	13	21	43200	40	25
1791123335849	soak	114	21	48564	13	20	38596	13	21	43200	40	25
1791123345908	soak	114	21	48564	13	20	38596	13	21	43268	40	25
1791123355971	soak	114	21	48576	13	20	38596	13	21	43268	40	25
1791123366036	soak	114	21	48576	13	20	38596	13	21	43308	40	25
1791123376103	soak	114	21	48576	13	20	38596	13	21	43316	40	25
1791123386168	soak	114	21	49044	13	20	38596	13	21	43320	50	25
1791123396230	soak	114	21	49092	13	20	38596	13	21	43324	50	25
1791123406290	soak	114	21	49132	13	20	38596	13	21	43336	50	25
1791123416352	soak	114	21	49144	13	20	38600	13	21	43352	50	25
1791123426419	soak	114	21	49144	13	20	38600	13	21	43352	50	25
1791123436479	soak	114	21	49156	13	20	38608	13	21	43352	50	25
1791123446540	soak	124	21	49208	13	20	38644	13	21	43388	60	5
1791123456601	soak	124	21	49012	13	20	38652	13	21	43396	60	5
1791123466660	soak	124	21	49020	13	20	38668	13	21	43404	60	5
1791123476723	soak	124	21	49024	13	20	38680	13	21	43416	60	5
1791123486782	soak	124	21	49028	13	20	38680	13	21	43420	60	5
1791123496843	soak	124	21	49036	13	20	38684	13	21	43420	60	5
1791123506904	soak	134	21	49136	13	20	38740	13	21	43424	60	10
1791123516964	soak	134	21	49048	13	20	38756	13	21	43432	60	10
1791123527022	soak	134	21	49052	13	20	38764	13	21	43432	60	10
1791123537086	soak	134	21	49052	13	20	38764	13	21	43432	60	10
1791123547147	soak	134	21	49056	13	20	38764	13	21	43432	60	10
1791123557207	soak	134	21	49060	13	20	38764	13	21	43436	60	10
1791123567267	soak	144	21	49148	13	20	38832	13	21	43436	60	15
1791123577329	soak	144	21	49148	13	20	38840	13	21	43444	60	15
1791123587390	soak	144	21	49148	13	20	38840	13	21	43448	60	15
1791123597452	soak	144	21	49152	13	20	38840	13	21	43448	60	15
1791123607512	soak	144	21	49168	13	20	38840	13	21	43452	60	15
1791123617573	soak	144	21	49172	13	20	38840	13	21	43456	60	15
1791123627632	soak	154	21	49268	13	20	38848	13	21	43464	60	20
1791123637693	soak	154	21	49272	13	20	38852	13	21	43464	60	20
1791123647753	soak	154	21	49272	13	20	38860	13	21	43476	60	20
1791123657817	soak	154	21	49272	13	20	38860	13	21	43480	60	20
1791123667879	soak	154	21	49276	13	20	38860	13	21	43484	60	20
1791123677939	soak	154	21	49296	13	20	38864	13	21	43484	60	20
1791123688005	soak	164	21	49380	13	20	38916	13	21	43492	60	25
1791123698089	soak	164	21	49384	13	20	38924	13	21	43496	60	25
1791123708153	soak	164	21	49392	13	20	38928	13	21	43500	60	25
1791123718219	soak	164	21	49400	13	20	38932	13	21	43504	60	25
1791123728278	soak	164	21	49404	13	20	38932	13	21	43512	60	25
1791123738350	soak	164	21	49420	13	20	38932	13	21	43512	60	25
1791123748430	soak	164	21	49516	13	20	38932	13	21	43560	60	25
1791123758519	soak	164	21	49716	13	20	38932	13	21	43568	60	25
1791123768597	soak	164	21	49724	13	20	38932	13	21	43568	60	25
1791123778697	soak	164	21	49740	13	20	38936	13	21	43580	60	25
1791123788762	soak	164	21	49744	13	20	38936	13	21	43580	60	25
1791123798832	soak	164	21	49744	13	20	38936	13	21	43580	60	25
1791123808902	soak	164	21	49780	13	20	38940	13	21	43592	70	20
1791123818977	soak	164	21	49784	13	20	38944	13	21	43600	70	20
1791123829039	soak	164	21	49940	13	20	38944	13	21	43604	70	20
1791123839103	soak	164	21	49940	13	20	38944	13	21	43604	70	20
1791123849169	soak	164	21	49932	13	20	38944	13	21	43604	70	20
1791123859239	soak	164	21	49932	13	20	38944	13	21	43608	70	20
1791123869301	soak	164	21	49944	13	20	38948	13	21	43608	80	15
1791123879361	soak	164	21	49928	13	20	38948	13	21	43608	80	15
1791123889422	soak	164	21	49928	13	20	38948	13	21	43608	80	15
1791123899485	soak	164	21	49932	13	20	38948	13	21	43608	80	15
1791123909546	soak	164	21	49932	13	20	38948	13	21	43608	80	15
1791123919608	soak	164	21	49932	13	20	38948	13	21	43608	80	15
1791123929671	soak	164	21	50016	13	20	38948	13	21	43608	90	10
1791123939734	soak	164	21	50020	13	20	38948	13	21	43608	90	10
1791123949798	soak	164	21	50020	13	20	38948	13	21	43608	90	10
1791123959863	soak	164	21	50020	13	20	38948	13	21	43608	90	10
1791123969936	soak	164	21	50020	13	20	38948	13	21	43608	90	10
1791123980004	soak	164	21	50020	13	20	38948	13	21	43608	90	10
1791123990083	soak	164	21	50020	13	20	38948	13	21	43612	100	5
1791124000150	soak	164	21	50020	13	20	38948	13	21	43612	100	5
1791124010217	soak	164	21	50012	13	20	38948	13	21	43612	100	5
1791124020300	soak	164	21	50016	13	20	38948	13	21	43612	100	5
1791124030361	soak	164	21	50016	13	20	38948	13	21	43612	100	5
1791124040423	soak	164	21	50020	13	20	38948	13	21	43612	100	5
1791124050497	soak	174	21	49908	13	20	39008	13	21	43612	110	5
1791124060557	soak	174	21	49908	13	20	39012	13	21	43612	110	5
1791124070636	soak	174	21	49908	13	20	39012	13	21	43612	110	5
1791124080706	soak	174	21	49912	13	20	39012	13	21	43612	110	5
1791124090791	soak	174	21	49912	13	20	39012	13	21	43612	110	5
1791124100850	soak	174	21	49912	13	20	39012	13	21	43612	110	5
1791124110913	soak	184	21	49920	13	20	39048	13	21	43612	110	10
1791124120976	soak	184	21	49920	13	20	39048	13	21	43612	110	10
1791124131038	soak	184	21	49920	13	20	39052	13	21	43612	110	10
1791124141101	soak	184	21	49920	13	20	39052	13	21	43612	110	10
1791124151163	soak	184	21	49920	13	20	39052	13	21	43612	110	10
1791124161226	soak	184	21	49920	13	20	39052	13	21	43612	110	10
1791124171286	soak	194	21	49932	13	20	39060	13	21	43616	110	15
1791124181348	soak	194	21	49940	13	20	39068	13	21	43616	110	15
1791124191410	soak	194	21	49940	13	20	39072	13	21	43616	110	15
1791124201492	soak	194	21	49940	13	20	39072	13	21	43616	110	15
1791124211553	soak	194	21	49944	13	20	39072	13	21	43616	110	15
1791124221632	soak	194	21	49944	13	20	39072	13	21	43616	110	15
1791124231700	soak	204	21	49964	13	20	39104	13	21	43616	110	20
1791124241764	soak	204	21	49964	13	20	39104	13	21	43616	110	20
1791124251824	soak	204	21	49964	13	20	39104	13	21	43616	110	20
1791124261887	soak	204	21	49964	13	20	39104	13	21	43616	110	20
1791124271960	soak	204	21	49964	13	20	39104	13	21	43616	110	20
1791124282034	soak	204	21	49964	13	20	39104	13	21	43616	110	20
1791124292118	soak	214	21	49884	13	20	39108	13	21	43616	110	25
1791124302183	soak	214	21	49892	13	20	39108	13	21	43620	110	25
1791124312260	soak	214	21	49892	13	20	39120	13	21	43628	110	25
1791124322333	soak	214	21	49892	13	20	39120	13	21	43628	110	25
1791124332410	soak	214	21	49892	13	20	39120	13	21	43628	110	25
1791124342472	soak	214	21	49892	13	20	39120	13	21	43628	110	25
1791124352546	soak	214	21	50300	13	20	39120	13	21	43644	110	25
1791124362610	soak	214	21	50304	13	20	39120	13	21	43648	110	25
1791124372675	soak	214	21	50308	13	20	39120	13	21	43648	110	25
1791124382745	soak	214	21	50324	13	20	39120	13	21	43648	110	25
1791124392816	soak	214	21	50324	13	20	39120	13	21	43648	110	25
1791124402895	soak	214	21	50320	13	20	39124	13	21	43648	110	25
1791124412976	soak	214	21	50360	13	20	39124	13	21	43648	120	20
1791124423042	soak	214	21	50356	13	20	39124	13	21	43648	120	20
1791124433111	soak	214	21	50356	13	20	39124	13	21	43652	120	20
1791124443178	soak	214	21	50372	13	20	39124	13	21	43652	120	20
1791124453253	soak	214	21	50368	13	20	39124	13	21	43652	120	20
1791124463320	soak	214	21	50376	13	20	39124	13	21	43652	120	20
1791124473390	soak	214	21	50388	13	20	39124	13	21	43664	130	15
1791124483459	soak	214	21	50384	13	20	39124	13	21	43664	130	15
1791124493530	soak	214	21	50380	13	20	39124	13	21	43668	130	15
1791124503602	soak	214	21	50392	13	20	39124	13	21	43668	130	15
1791124513790	soak	214	21	50388	13	20	39124	13	21	43668	130	15
1791124523855	soak	214	21	50388	13	20	39124	13	21	43668	130	15
1791124533938	soak	214	21	50484	13	20	39124	13	21	43668	140	10
1791124544004	soak	214	21	50484	13	20	39124	13	21	43668	140	10
1791124554070	soak	214	21	50484	13	20	39128	13	21	43668	140	10
1791124564137	soak	214	21	50496	13	20	39128	13	21	43668	140	10
1791124574211	soak	214	21	50496	13	20	39128	13	21	43668	140	10
1791124584283	soak	214	21	50524	13	20	39128	13	21	43668	150	10
1791124594372	soak	214	21	50536	13	20	39128	13	21	43668	150	5
1791124604474	soak	214	21	50532	13	20	39128	13	21	43668	150	5
1791124614560	soak	214	21	50536	13	20	39128	13	21	43668	150	5
1791124624655	soak	214	21	50544	13	20	39128	13	21	43668	150	5
1791124634733	soak	214	21	50544	13	20	39128	13	21	43668	150	5
1791124644814	soak	224	21	50552	13	20	39128	13	21	43668	160	5
1791124654951	soak	224	21	50476	13	20	39128	13	21	43680	160	5
1791124665038	soak	224	21	50476	13	20	39128	13	21	43680	160	5
1791124675123	soak	224	21	50360	13	20	39132	13	21	43680	160	5
1791124685204	soak	224	21	50360	13	20	39132	13	21	43680	160	5
1791124695290	soak	224	21	50360	13	20	39132	13	21	43680	160	5
1791124705381	soak	234	21	50400	13	20	39136	13	21	43680	160	10
1791124715465	soak	234	21	50400	13	20	39144	13	21	43680	160	10
1791124725548	soak	234	21	50400	13	20	39144	13	21	43680	160	10
1791124735629	soak	234	21	50400	13	20	39144	13	21	43680	160	10
1791124745724	soak	234	21	50400	13	20	39144	13	21	43680	160	10
1791124755798	soak	234	21	50400	13	20	39148	13	21	43680	160	10
1791124765870	soak	244	21	50436	13	20	39152	13	21	43680	160	15
1791124775951	soak	244	21	50436	13	20	39152	13	21	43680	160	15
1791124786024	soak	244	21	50436	13	20	39152	13	21	43680	160	15
1791124796107	soak	244	21	50436	13	20	39152	13	21	43680	160	15
1791124806176	soak	244	21	50436	13	20	39152	13	21	43680	160	15
1791124816248	soak	244	21	50436	13	20	39152	13	21	43680	160	15
1791124826330	soak	254	21	50456	13	20	39152	13	21	43680	160	20
1791124836411	soak	254	21	50456	13	20	39152	13	21	43680	160	20
1791124846485	soak	254	21	50456	13	20	39156	13	21	43680	160	20
1791124856604	soak	254	21	50456	13	20	39160	13	21	43680	160	20
1791124866694	soak	254	21	50460	13	20	39160	13	21	43680	160	20
1791124876767	soak	254	21	50460	13	20	39160	13	21	43680	160	20
1791124896856	settle	164	21	50360	13	20	39160	13	21	43680	150	20
1791124906978	settle	164	21	50360	13	20	39160	13	21	43680	150	20
1791124917076	settle	164	21	50360	13	20	39160	13	21	43680	150	20
1791124927174	settle	164	21	50360	13	20	39160	13	21	43680	150	20
1791124937277	settle	164	21	50360	13	20	39160	13	21	43680	150	20
1791124947404	settle	164	21	50360	13	20	39160	13	21	43680	150	20
