1791176796507	soak	114	21	43948	13	20	37472	12	21	39100	50	25	108	0	639	50
1791176806607	soak	114	21	44808	13	20	37512	13	21	40252	50	25	108	0	10742	50
1791176816709	soak	114	21	44864	13	20	37512	13	21	40532	50	25	108	0	20843	50
1791176826810	soak	114	21	44972	13	20	37512	13	21	40568	50	25	108	0	30942	50
1791176836909	soak	114	21	45056	13	20	37516	13	21	41020	50	25	108	0	41039	50
1791176847001	soak	114	21	45084	13	20	37520	13	21	41092	50	25	108	0	51129	50
1791176857096	soak	114	21	45400	13	20	37852	13	21	41264	50	50	108	0	838	26
1791176867211	soak	114	21	45904	13	20	37888	13	21	42192	50	50	108	0	10950	26
1791176877320	soak	114	21	45972	13	20	37888	13	21	42472	50	50	108	0	21061	26
1791176887432	soak	114	21	46000	13	20	37892	13	21	42512	50	50	108	0	31160	26
1791176897529	soak	114	21	46016	13	20	37892	13	21	42524	50	50	108	0	41260	26
1791176907630	soak	114	21	46016	13	20	37896	13	21	42556	50	50	108	0	51357	26
1791176917725	soak	114	21	46148	13	20	37948	13	21	42644	50	66	108	0	61454	50
1791176927823	soak	114	21	46240	13	20	37956	13	21	43216	50	66	108	0	71552	50
1791176937923	soak	114	21	46272	13	20	37964	13	21	43360	50	66	108	0	81655	50
1791176948026	soak	114	21	46460	13	20	38024	13	21	43412	50	75	108	0	31315	50
1791176958119	soak	114	21	46532	13	20	38028	13	21	43744	50	75	108	0	41412	50
1791176968217	soak	114	21	46532	13	20	38028	13	21	43820	50	75	108	0	51516	50
1791176978322	soak	114	21	46604	13	20	38116	13	21	43860	50	86	108	0	61624	50
1791176988429	soak	114	21	46608	13	20	38128	13	21	44280	50	86	108	0	71725	50
1791176998532	soak	114	21	46628	13	20	38132	13	21	44364	50	86	108	0	81825	50
1791177008630	soak	114	21	46744	13	20	38168	13	21	44480	50	100	108	0	31513	50
1791177018725	soak	114	21	46792	13	20	38168	13	21	44988	50	100	108	0	41612	50
1791177028826	soak	114	21	46824	13	20	38176	13	21	45080	50	100	108	0	51710	50
1791177038923	soak	114	21	46856	13	20	38232	13	21	45104	50	106	108	0	61806	50
1791177049019	soak	114	21	46884	13	20	38240	13	21	45320	50	106	108	0	71903	50
1791177059116	soak	114	21	46884	13	20	38240	13	21	45376	50	106	108	0	82001	50
1791177069216	soak	114	21	46992	13	20	38312	13	21	45532	50	125	108	0	31683	50
1791177079317	soak	114	21	46992	13	20	38316	13	21	46232	50	125	108	0	41779	50
1791177089412	soak	114	21	47000	13	20	38320	13	21	46300	50	125	108	0	51874	50
1791177099508	soak	114	21	47016	13	20	38328	13	21	46312	50	128	108	0	61645	50
1791177109602	soak	114	21	47072	13	20	38332	13	21	46420	50	128	108	0	71744	50
1791177119702	soak	114	21	47096	13	20	38332	13	21	46452	50	128	108	0	81840	50
1791177129799	soak	114	21	47216	13	20	38456	13	21	46684	50	150	108	0	31893	50
1791177139899	soak	114	21	47224	13	20	38456	13	21	47472	50	150	108	0	41991	50
1791177149997	soak	114	21	47232	13	20	38460	13	21	47532	50	150	108	0	52090	50
1791177160095	soak	114	21	47248	13	20	38468	13	21	47544	50	125	108	0	33376	50
1791177170188	soak	114	21	47252	13	20	38480	13	21	47552	50	125	108	0	43471	50
1791177180284	soak	114	21	47252	13	20	38488	13	21	47556	50	125	108	0	53567	50
1791177190383	soak	114	21	47312	13	20	38568	13	21	47580	50	150	108	0	3849	50
1791177200485	soak	114	21	47324	13	20	38572	13	21	47600	50	150	108	0	13943	50
1791177210579	soak	114	21	47324	13	20	38576	13	21	47604	50	150	108	0	24039	50
1791177220675	soak	114	21	47344	13	20	38592	13	21	47612	50	134	108	0	34141	50
1791177230776	soak	114	21	47352	13	20	38592	13	21	47612	50	134	108	0	44239	50
1791177240876	soak	114	21	47360	13	20	38596	13	21	47612	50	134	108	0	54336	50
1791177250973	soak	114	21	47368	13	20	38720	13	21	47632	50	150	108	0	4388	50
1791177261069	soak	114	21	47372	13	20	38720	13	21	47644	50	150	108	0	14483	50
1791177271165	soak	114	21	47380	13	20	38720	13	21	47668	50	150	108	0	24578	50
1791177281261	soak	114	21	47388	13	20	38728	13	21	47684	50	139	108	0	34674	50
1791177291356	soak	114	21	47392	13	20	38728	13	21	47684	50	139	108	0	44778	50
1791177301463	soak	114	21	47400	13	20	38728	13	21	47688	50	139	108	0	54898	50
1791177311585	soak	114	21	47444	13	20	38756	13	21	47692	50	150	108	0	4998	50
1791177321691	soak	114	21	47476	13	20	38756	13	21	47696	50	150	108	0	15096	50
1791177331788	soak	114	21	47476	13	20	38756	13	21	47728	50	150	108	0	25194	50
1791177341885	soak	114	21	47480	13	20	38756	13	21	47728	50	144	108	0	35290	50
1791177351980	soak	114	21	47492	13	20	38756	13	21	47728	50	144	108	0	45385	50
1791177362078	soak	114	21	47492	13	20	38760	13	21	47728	50	144	108	0	55483	50
1791177372176	soak	114	21	47536	13	20	38764	13	21	47732	50	150	108	0	5396	50
1791177382273	soak	114	21	47540	13	20	38764	13	21	47740	50	150	108	0	15493	50
1791177392373	soak	114	21	47544	13	20	38764	13	21	47780	50	150	108	0	25592	50
1791177402470	soak	114	21	47548	13	20	38764	13	21	47788	50	147	108	0	35690	50
1791177412566	soak	114	21	47548	13	20	38764	13	21	47796	50	147	108	0	45783	50
1791177422664	soak	114	21	47548	13	20	38764	13	21	47804	50	147	108	0	55885	50
1791177432763	soak	114	21	47604	13	20	38804	13	21	47812	50	150	108	0	6039	50
1791177442862	soak	114	21	47612	13	20	38804	13	21	47816	50	150	108	0	16139	50
1791177452962	soak	114	21	47620	13	20	38804	13	21	47840	50	150	108	0	26236	50
1791177463059	soak	114	21	47632	13	20	38804	13	21	47848	50	150	108	0	36334	50
1791177473155	soak	114	21	47632	13	20	38804	13	21	47852	50	150	108	0	46428	50
1791177483251	soak	114	21	47640	13	20	38804	13	21	47852	50	150	108	0	56527	50
1791177493349	soak	114	21	47672	13	20	38832	13	21	47856	50	150	108	0	6756	50
1791177503445	soak	114	21	47672	13	20	38832	13	21	47864	50	150	108	0	16856	50
1791177513548	soak	114	21	47672	13	20	38832	13	21	47884	50	150	108	0	26969	50
1791177523660	soak	114	21	47684	13	20	38832	13	21	47884	50	150	108	0	37078	50
1791177533766	soak	114	21	47708	13	20	38832	13	21	47884	50	150	108	0	47175	50
1791177543867	soak	114	21	47708	13	20	38832	13	21	47884	50	150	108	0	57273	50
1791177553964	soak	114	21	47744	13	20	38864	13	21	47896	50	150	108	0	7255	50
1791177564062	soak	114	21	47744	13	20	38864	13	21	47912	50	150	108	0	17351	50
1791177574160	soak	114	21	47744	13	20	38864	13	21	47916	50	150	108	0	27452	50
1791177584260	soak	114	21	47756	13	20	38868	13	21	47920	50	150	108	0	37553	50
1791177594359	soak	114	21	47756	13	20	38868	13	21	47920	50	150	108	0	47647	50
1791177604455	soak	114	21	47756	13	20	38868	13	21	47924	50	150	108	0	57759	50
1791177614575	soak	114	21	47788	13	20	38876	13	21	47936	50	150	108	0	8055	50
1791177624693	soak	114	21	47788	13	20	38876	13	21	47936	50	150	108	0	18155	50
1791177634793	soak	114	21	47788	13	20	38876	13	21	47936	50	150	108	0	28259	50
1791177644903	soak	114	21	47800	13	20	38876	13	21	47936	50	150	108	0	38374	50
1791177655013	soak	114	21	47800	13	20	38880	13	21	47936	50	150	108	0	48474	50
1791177665112	soak	114	21	47800	13	20	38880	13	21	47936	50	150	108	0	58577	50
1791177675218	soak	114	21	47836	13	20	38896	13	21	47944	50	150	108	0	8603	50
1791177685320	soak	114	21	47844	13	20	38896	13	21	47944	50	150	108	0	18705	50
1791177695422	soak	114	21	47844	13	20	38896	13	21	47948	50	150	108	0	28808	50
1791177705525	soak	114	21	47848	13	20	38896	13	21	47952	50	150	108	0	38911	50
1791177715628	soak	114	21	47848	13	20	38896	13	21	47952	50	150	108	0	49007	50
1791177725725	soak	114	21	47848	13	20	38896	13	21	47952	50	150	108	0	59106	50
1791177735824	soak	114	21	47864	13	20	38900	13	21	47956	50	150	108	0	9302	50
1791177745932	soak	114	21	47868	13	20	38904	13	21	47964	50	150	108	0	19403	50
1791177756030	soak	114	21	47880	13	20	38904	13	21	47964	50	150	108	0	29497	50
1791177766125	soak	114	21	47884	13	20	38904	13	21	47964	50	150	108	0	39591	50
1791177776218	soak	114	21	47884	13	20	38904	13	21	47964	50	150	108	0	49687	50
1791177786316	soak	114	21	47884	13	20	38904	13	21	47964	50	143	108	0	59785	50
1791177796413	soak	114	21	47900	13	20	38916	13	21	47972	50	150	108	0	9722	50
1791177806511	soak	114	21	47900	13	20	38916	13	21	47972	50	150	108	0	19822	50
1791177816611	soak	114	21	47904	13	20	38920	13	21	47972	50	150	108	0	29919	50
1791177826707	soak	114	21	47908	13	20	38920	13	21	47976	50	150	108	0	40015	50
1791177836802	soak	114	21	47908	13	20	38920	13	21	47976	50	150	108	0	50113	50
1791177846900	soak	114	21	47920	13	20	38920	13	21	47980	38	150	108	0	59880	50
1791177856995	soak	114	21	47936	13	20	38924	13	21	47980	50	150	108	0	10306	50
1791177867091	soak	114	21	47936	13	20	38924	13	21	47996	50	150	108	0	20402	50
1791177877189	soak	114	21	47936	13	20	38924	13	21	48000	50	150	108	0	30514	50
1791177887305	soak	114	21	47948	13	20	38924	13	21	48012	50	150	108	0	40621	50
1791177897411	soak	114	21	47948	13	20	38924	13	21	48012	50	150	108	0	50723	50
1791177907510	soak	114	21	47964	13	20	38924	13	21	48016	38	150	108	0	59946	50
1791177917606	soak	114	21	47988	13	20	38924	13	21	48016	50	150	108	0	10960	50
1791177927702	soak	114	21	47988	13	20	38924	13	21	48032	50	150	108	0	21059	50
1791177937801	soak	114	21	47988	13	20	38928	13	21	48032	50	150	108	0	31157	50
1791177947898	soak	114	21	47988	13	20	38928	13	21	48032	50	150	108	0	41254	50
1791177957995	soak	114	21	47988	13	20	38928	13	21	48036	50	150	108	0	51348	50
1791177968091	soak	114	21	47996	13	20	38932	13	21	48036	48	151	108	0	60030	50
1791177978188	soak	114	21	47996	13	20	38936	13	21	48036	50	150	108	0	11687	50
1791177988290	soak	114	21	48000	13	20	38940	13	21	48048	50	150	108	0	21786	50
1791177998386	soak	114	21	48000	13	20	38940	13	21	48048	50	150	108	0	31880	50
1791178008480	soak	114	21	48000	13	20	38940	13	21	48048	50	150	108	0	41975	50
1791178018576	soak	114	21	48000	13	20	38940	13	21	48048	50	150	108	0	52070	50
1791178028670	soak	114	21	48024	13	20	38992	13	21	48048	50	150	108	0	2094	50
1791178038764	soak	114	21	48024	13	20	38992	13	21	48048	50	150	108	0	12191	50
1791178048862	soak	114	21	48024	13	20	38992	13	21	48052	50	150	108	0	22287	50
1791178058958	soak	114	21	48028	13	20	38992	13	21	48052	50	150	108	0	32381	50
1791178069051	soak	114	21	48028	13	20	38992	13	21	48056	50	150	108	0	42475	50
1791178079146	soak	114	21	48028	13	20	38992	13	21	48056	50	150	108	0	52568	50
1791178089238	soak	114	21	48064	13	20	39012	13	21	48056	50	150	108	0	2631	50
1791178099334	soak	114	21	48072	13	20	39012	13	21	48056	50	150	108	0	12724	50
1791178109429	soak	114	21	48072	13	20	39012	13	21	48072	50	150	108	0	22819	50
1791178119523	soak	114	21	48072	13	20	39012	13	21	48072	50	150	108	0	32915	50
1791178129619	soak	114	21	48072	13	20	39012	13	21	48072	50	150	108	0	43010	50
1791178139714	soak	114	21	48072	13	20	39012	13	21	48072	50	150	108	0	53105	50
1791178149810	soak	114	21	48084	13	20	39012	13	21	48080	50	150	108	0	3220	50
1791178159906	soak	114	21	48088	13	20	39012	13	21	48080	50	150	108	0	13313	50
1791178170001	soak	114	21	48088	13	20	39012	13	21	48084	50	150	108	0	23417	50
1791178180105	soak	114	21	48092	13	20	39012	13	21	48084	50	150	108	0	33522	50
1791178190211	soak	114	21	48092	13	20	39012	13	21	48084	50	150	108	0	43618	50
1791178200306	soak	114	21	48100	13	20	39012	13	21	48084	50	150	108	0	53716	50
1791178210404	soak	114	21	48116	13	20	39028	13	21	48084	50	150	108	0	3838	50
1791178220510	soak	114	21	48116	13	20	39032	13	21	48084	50	150	108	0	13936	50
1791178230607	soak	114	21	48116	13	20	39032	13	21	48088	50	150	108	0	24034	50
1791178240707	soak	114	21	48120	13	20	39032	13	21	48088	50	150	108	0	34133	50
1791178250802	soak	114	21	48120	13	20	39032	13	21	48088	50	150	108	0	44231	50
1791178260903	soak	114	21	48120	13	20	39032	13	21	48088	50	150	108	0	54327	50
1791178270997	soak	114	21	48144	13	20	39040	13	21	48092	50	150	108	0	4252	50
1791178281097	soak	114	21	48144	13	20	39040	13	21	48092	50	150	108	0	14352	50
1791178291198	soak	114	21	48144	13	20	39040	13	21	48096	50	150	108	0	24463	50
1791178301310	soak	114	21	48148	13	20	39040	13	21	48096	50	150	108	0	34565	50
1791178311408	soak	114	21	48152	13	20	39040	13	21	48096	50	150	108	0	44665	50
1791178321513	soak	114	21	48152	13	20	39040	13	21	48096	50	150	108	0	54764	50
1791178331611	soak	114	21	48224	13	20	39044	13	21	48096	50	150	108	0	4939	50
1791178341706	soak	114	21	48224	13	20	39048	13	21	48096	50	150	108	0	15035	50
1791178351802	soak	114	21	48224	13	20	39048	13	21	48096	50	150	108	0	25130	50
1791178361899	soak	114	21	48224	13	20	39048	13	21	48096	50	150	108	0	35230	50
1791178371996	soak	114	21	48228	13	20	39048	13	21	48096	50	150	108	0	45330	50
1791178382099	soak	114	21	48228	13	20	39048	13	21	48096	50	150	108	0	55429	50
1791178392196	soak	114	21	48240	13	20	39064	13	21	48096	50	150	108	0	5626	50
1791178402290	soak	114	21	48240	13	20	39064	13	21	48096	50	150	108	0	15721	50
1791178412387	soak	114	21	48244	13	20	39064	13	21	48096	50	150	108	0	25823	50
1791178422489	soak	114	21	48244	13	20	39064	13	21	48096	50	150	108	0	35925	50
1791178432591	soak	114	21	48244	13	20	39064	13	21	48096	50	150	108	0	46026	50
1791178442693	soak	114	21	48244	13	20	39064	13	21	48096	50	150	108	0	56127	50
1791178452792	soak	114	21	48264	13	20	39120	13	21	48108	50	150	108	0	6111	50
1791178462889	soak	114	21	48264	13	20	39120	13	21	48108	50	150	108	0	16215	50
1791178472996	soak	114	21	48264	13	20	39120	13	21	48108	50	150	108	0	26315	50
1791178483095	soak	114	21	48296	13	20	39120	13	21	48108	50	150	108	0	36419	50
1791178493199	soak	114	21	48332	13	20	39120	13	21	48108	50	150	108	0	46521	50
1791178503301	soak	114	21	48332	13	20	39120	13	21	48108	50	150	108	0	56622	50
1791178513403	soak	114	21	48356	13	20	39124	13	21	48108	50	150	108	0	6672	50
1791178523506	soak	114	21	48356	13	20	39124	13	21	48108	50	150	108	0	16774	50
1791178533607	soak	114	21	48356	13	20	39124	13	21	48108	50	150	108	0	26873	50
1791178543706	soak	114	21	48356	13	20	39124	13	21	48108	50	150	108	0	36971	50
1791178553802	soak	114	21	48356	13	20	39124	13	21	48108	50	150	108	0	47066	50
1791178563899	soak	114	21	48356	13	20	39124	13	21	48108	50	150	108	0	57167	50
1791178574001	soak	114	21	48464	13	20	39132	13	21	48108	50	150	108	0	7291	50
1791178584093	soak	114	21	48464	13	20	39140	13	21	48112	50	150	108	0	17390	50
1791178594196	soak	114	21	48464	13	20	39140	13	21	48116	50	150	108	0	27499	50
1791178614312	settle	14	21	48464	13	20	39140	13	21	48116	0	150	-	0	0	50
1791178624421	settle	14	21	48464	13	20	39140	13	21	48116	0	150	-	0	0	50
1791178634535	settle	14	21	48464	13	20	39140	13	21	48124	0	125	-	0	0	50
1791178644643	settle	14	21	48464	13	20	39140	13	21	48124	0	125	-	0	0	50
1791178654749	settle	14	21	48468	13	20	39140	13	21	48124	0	125	-	0	0	50
1791178664859	settle	14	21	48468	13	20	39140	13	21	48124	0	125	-	0	0	50
